t_env,episode,epsilon,episode_reward
50,1,1.0,26.82265068401315
550,21,0.9905,12.234197625729703
1050,31,0.981,54.4615550655481
1550,41,0.9715,8.530838134453868
