t_env,loss,grad_norm,q_taken_mean
2500,0.6966041922569275,2.5978081,0.0177712158203125
