t_env,loss,grad_norm,q_taken_mean
2750,0.2201249897480011,1.7606277,0.3066939711052889
