t_env,episode,epsilon,episode_reward
50,1,1.0,10.209202180846116
550,12,0.9905,8.066081444909777
1050,22,0.981,7.611129301990008
1550,32,0.9715,6.804557240087001
2050,42,0.962,16.29967537424793
