t_env,loss,grad_norm,q_taken_mean
2750,0.35761502385139465,2.5076096,0.14704741198476048
