t_env,episode,epsilon,episode_reward
50,1,1.0,12.604885500625134
550,12,0.9905,15.916403527034014
1050,22,0.981,10.93469690485593
1550,32,0.9715,12.854160014801197
2050,42,0.962,20.202981979808072
2550,52,0.9525,9.48830044199583
