t_env,episode,epsilon,episode_reward
50,1,1.0,19.856510467537653
550,21,0.9905,8.424183730484165
1050,31,0.981,11.818689727989055
