t_env,loss,grad_norm,q_taken_mean
2700,0.09667140245437622,0.96811277,-0.1105857666015625
