t_env,episode,epsilon,episode_reward
50,1,1.0,3.9847604591845562
550,21,0.9905,17.302600483710986
