t_env,episode,epsilon,episode_reward
50,1,1.0,17.332238353372276
550,21,0.9905,2.7869981668503314
1050,31,0.981,3.59306823046378
1550,41,0.9715,12.765694643473953
2050,51,0.962,15.940122820489776
2550,61,0.9525,1.8318903532031576
