t_env,loss,grad_norm,q_taken_mean
2500,3.2025094032287598,59.603065,0.186219482421875
